fps,frametime,elapsed
34.0732,29.3486,1072014950149
36.6437,27.2898,1072115029035
35.1923,28.4153,1072215157645
41.1899,24.2778,1072315268722
36.2292,27.602,1072415376913
33.5696,29.7889,1072516022883
36.5882,27.3312,1072616165610
40.4132,24.7444,1072716261398
42.4064,23.5813,1072817053753
41.1543,24.2988,1072917155963
26.3969,37.8832,1073017251230
32.7733,30.5126,1073117353461
34.2425,29.2035,1073217461061
33.9848,29.4249,1073317568301
39.2655,25.4676,1073417664229
39.0187,25.6287,1073517773883
34.1781,29.2585,1073617879560
35.2734,28.35,1073717984566
35.3274,28.3067,1073818137341
37.64,26.5675,1073918384974
36.8946,27.1042,1074018486323
37.6823,26.5377,1074118974036
32.4592,30.8079,1074219090303
41.1786,24.2844,1074319200889
42.9368,23.29,1074419320241
35.3325,28.3025,1074519421880
37.0532,26.9882,1074619522427
32.8046,30.4836,1074719621101
34.9007,28.6527,1074819716629
29.9398,33.4003,1074919821564
37.5459,26.634,1075019919596
29.1217,34.3387,1075120916846
16.0607,62.2636,1075221009278
40.133,24.9172,1075321116317
42.241,23.6737,1075421217125
32.6871,30.5931,1075521323493
36.3886,27.4811,1075621413991
39.1124,25.5673,1075721506182
36.5414,27.3662,1075821607311
38.7497,25.8067,1075921697939
38.0746,26.2642,1076021803005
43.7345,22.8652,1076121901438
48.9738,20.4191,1076222081785
45.2404,22.1042,1076322184165
37.8414,26.426,1076422283140
42.1003,23.7528,1076522371394
40.8878,24.4572,1076622468945
40.5611,24.6541,1076722568100
38.5796,25.9204,1076822662475
38.4278,26.0228,1076922765387
42.8882,23.3164,1077022873679
41.5151,24.0876,1077122974065
39.6677,25.2094,1077223038625
39.8594,25.0882,1077323134543
39.1883,25.5178,1077423385573
39.2218,25.496,1077523484687
42.6589,23.4418,1077623598079
18.1862,54.9866,1077723712341
35.4268,28.2272,1077823805976
37.1009,26.9535,1077923905601
43.2445,23.1243,1078024001499
39.0851,25.5852,1078124107357
36.2382,27.5952,1078224202564
41.4552,24.1224,1078324300606
37.469,26.6887,1078424393369
37.469,26.6887,1078524486903
5.43866,183.869,1078624583472
40.3017,24.8129,1078724686083
46.1963,21.6468,1078824787552
49.5173,20.195,1078924882158
48.8575,20.4677,1079024977175
54.7323,18.2708,1079125041324
28.587,34.981,1079225137874
56.0075,17.8548,1079325232169
52.7999,18.9394,1079425330672
53.3627,18.7397,1079525427132
39.2841,25.4556,1079625654026
41.492,24.101,1079725763670
42.1179,23.7429,1079825866772
39.5733,25.2696,1079925989902
46.2261,21.6328,1080026056425
46.4248,21.5402,1080126775352
46.186,21.6516,1080226975326
45.5783,21.9403,1080327296587
43.2893,23.1004,1080427407353
41.5512,24.0667,1080527517468
47.2536,21.1624,1080627623516
47.8657,20.8918,1080727721498
40.2741,24.8299,1080827823879
37.7342,26.5011,1080927940376
44.1455,22.6523,1081028048888
48.907,20.447,1081128220618
47.1387,21.214,1081228372061
46.3335,21.5827,1081328483278
45.8229,21.8231,1081428724670
53.0028,18.8669,1081528838101
53.8161,18.5818,1081628960669
48.7495,20.513,1081729051338
54.637,18.3026,1081829569539
46.908,21.3183,1081929720330
52.1936,19.1594,1082030422205
53.2601,18.7758,1082131073135
49.3434,20.2661,1082231183851
45.9687,21.754,1082331301530
37.3509,26.7731,1082431412306
43.2912,23.0994,1082531527742
45.2159,22.1161,1082631642245
44.7328,22.355,1082731742912
40.8491,24.4803,1082831847747
37.6849,26.5358,1082931956520
49.091,20.3703,1083032051136
49.5064,20.1994,1083132181259
18.474,54.1301,1083232318124
48.8613,20.4661,1083332425614
43.2908,23.0996,1083432535819
41.1947,24.275,1083532647307
31.5538,31.6919,1083632753575
46.2209,21.6352,1083732855945
40.0026,24.9984,1083832969237
45.4236,22.015,1083933054385
43.0034,23.254,1084033179698
49.1006,20.3663,1084133311514
46.5938,21.4621,1084233443430
47.8848,20.8835,1084333554928
38.427,26.0233,1084433655034
42.7544,23.3894,1084533768946
37.9648,26.3402,1084633876978
11.8855,84.1362,1084734802713
30.9422,32.3183,1084834907628
40.6243,24.6158,1084934999639
40.8265,24.4939,1085035054731
39.8042,25.123,1085135150609
35.7861,27.9438,1085235246868
44.2193,22.6145,1085335821144
37.3802,26.7521,1085435928895
41.5697,24.056,1085536028400
40.5402,24.6669,1085636139487
36.2575,27.5805,1085736238461
33.5558,29.8011,1085836344829
49.2185,20.3176,1085936454353
64.5794,15.4848,1086036549400
62.3356,16.0422,1086136645098
65.2289,15.3306,1086237072007
60.2438,16.5992,1086337176432
59.0689,16.9294,1086437286146
57.7847,17.3056,1086537382546
64.1132,15.5974,1086637487771
60.3039,16.5827,1086737597356
61.4603,16.2707,1086838399098
49.7551,20.0984,1086938508652
59.2719,16.8714,1087038605933
45.0013,22.2216,1087138705739
58.1128,17.2079,1087238799724
60.4191,16.5511,1087338894260
68.4129,14.6171,1087438996620
59.8564,16.7067,1087539060198
60.4847,16.5331,1087639166446
104.815,9.54064,1087739267183
55.6124,17.9816,1087839367700
51.5453,19.4004,1087939888025
46.912,21.3165,1088039981739
40.6587,24.595,1088140085242
59.0194,16.9436,1088240295254
57.6479,17.3467,1088340729267
46.4302,21.5377,1088440827320
59.9873,16.6702,1088540943276
60.2077,16.6092,1088641043823
63.5372,15.7388,1088741243456
54.3083,18.4134,1088842151798
64.3844,15.5317,1088942444025
57.1451,17.4993,1089042553619
59.6668,16.7597,1089142667772
56.9329,17.5645,1089242778107
60.1814,16.6164,1089342893232
59.8131,16.7187,1089443000672
59.6321,16.7695,1089543286386
60.1573,16.6231,1089643427339
64.3099,15.5497,1089743713925
59.9224,16.6883,1089843846252
63.0643,15.8568,1089943956377
57.3572,17.4346,1090044066632
60.1655,16.6208,1090144193719
60.1315,16.6302,1090245067687
59.576,16.7853,1090345200695
57.5398,17.3793,1090445314958
59.9495,16.6807,1090545419693
42.6305,23.4574,1090645641207
64.0399,15.6153,1090745765269
58.1581,17.1945,1090846072513
59.4701,16.8152,1090946184773
60.8034,16.4465,1091046291531
63.828,15.6671,1091146404692
53.4369,18.7137,1091246561876
60.1916,16.6136,1091346669726
61.4756,16.2666,1091446780964
59.9729,16.6742,1091547074032
60.2154,16.607,1091647377670
78.1643,12.7936,1091747486012
22.0378,45.3766,1091847596277
36.8411,27.1436,1091947702976
31.8251,31.4218,1092047798133
30.5691,32.7128,1092147903279
34.5937,28.907,1092248012602
36.1933,27.6294,1092349221989
33.1303,30.1839,1092449331463
38.3913,26.0476,1092549437230
30.3231,32.9781,1092649544931
38.6936,25.8441,1092749653944
35.5243,28.1497,1092849752207
36.1598,27.655,1092949862963
36.3318,27.5241,1093049965634
36.9633,27.0538,1093150074837
38.6156,25.8963,1093250181867
36.6607,27.2771,1093350308322
38.808,25.7679,1093450432083
38.4328,26.0194,1093551081129
38.152,26.2109,1093651195272
31.7106,31.5352,1093753075547
40.6283,24.6134,1093853179270
38.9838,25.6517,1093953290618
37.1697,26.9036,1094053391405
36.7,27.2479,1094153485460
38.2909,26.1159,1094253583343
36.0503,27.739,1094353682687
36.5219,27.3809,1094454582424
36.7393,27.2188,1094554686227
41.8147,23.915,1094654784650
41.0747,24.3459,1094754943447
40.1588,24.9012,1094855039656
35.8801,27.8706,1094955140984
36.4769,27.4146,1095055273812
31.42,31.8269,1095155375671
39.4022,25.3793,1095255471650
40.9791,24.4027,1095355566767
36.8524,27.1353,1095455671933
34.5471,28.946,1095555767350
36.3576,27.5045,1095655861756
38.1793,26.1922,1095755977261
39.7913,25.1311,1095856146387
37.9075,26.38,1095956246103
34.3319,29.1274,1096056345888
38.078,26.2619,1096156457616
35.8363,27.9047,1096256563824
34.7969,28.7382,1096356664882
37.9991,26.3164,1096456766211
35.0953,28.4939,1096556872138
39.4852,25.3259,1096656981382
35.4098,28.2408,1096757076448
39.0626,25.5999,1096857177176
39.3925,25.3856,1096957440138
36.2061,27.6196,1097057549231
38.8651,25.73,1097157649728
37.8668,26.4083,1097257750385
42.6855,23.4272,1097357947143
40.3452,24.7861,1097458040887
37.4613,26.6942,1097558155331
40.6872,24.5777,1097658266578
37.1748,26.8999,1097758694008
38.5857,25.9163,1097858796038
36.1126,27.6912,1097958905141
29.1232,34.3369,1098059016258
36.7763,27.1914,1098159083292
37.4708,26.6875,1098259191754
39.155,25.5395,1098359320855
34.7613,28.7676,1098459692601
40.2205,24.863,1098559804770
37.4348,26.7131,1098660055018
37.1486,26.9189,1098760164452
38.182,26.1903,1098860273795
42.4839,23.5383,1098960464973
38.4937,25.9783,1099060758101
38.7121,25.8317,1099160969987
38.6962,25.8424,1099261087596
38.5843,25.9173,1099361324569
37.7679,26.4775,1099462087399
31.5134,31.7325,1099562200479
36.695,27.2517,1099662331524
36.3043,27.545,1099762506059
37.664,26.5505,1099862631674
36.0959,27.704,1099962749062
38.9138,25.6978,1100062867553
35.0326,28.5449,1100162982998
36.413,27.4627,1100263111217
37.8918,26.3909,1100363236040
40.5804,24.6424,1100463347488
30.6183,32.6602,1100563464205
38.1757,26.1947,1100663575603
38.543,25.945,1100763686299
36.5471,27.362,1100863784331
35.381,28.2637,1100963886892
37.0674,26.9779,1101064013799
37.7831,26.4668,1101164091132
38.9602,25.6672,1101264202189
34.5047,28.9816,1101364305351
34.3384,29.1219,1101465102976
31.8168,31.43,1101565216167
39.1568,25.5383,1101665326562
37.0134,27.0173,1101765429204
28.6678,34.8824,1101865527717
33.1404,30.1746,1101965637040
31.7222,31.5237,1102065746504
29.6171,33.7643,1102166938739
32.4886,30.78,1102267055677
32.7976,30.4901,1102367169880
32.9334,30.3644,1102467282029
36.6502,27.285,1102567387816
36.4842,27.4091,1102667528689
35.1193,28.4744,1102767627402
34.207,29.2338,1102867716999
31.5353,31.7105,1102967809501
36.7501,27.2108,1103067902133
33.0685,30.2403,1103167993764
39.0645,25.5987,1103268137412
35.6068,28.0845,1103368298903
41.608,24.0338,1103468416031
37.5068,26.6618,1103568516498
37.8262,26.4367,1103668617306
40.6445,24.6036,1103768715839
35.07,28.5144,1103868816417
38.187,26.1869,1103970091517
36.733,27.2235,1104070205589
36.54,27.3672,1104170304994
39.729,25.1705,1104270402827
38.8895,25.7139,1104370501771
39.5473,25.2862,1104470606936
39.8987,25.0635,1104572314127
33.5417,29.8136,1104672410256
37.5868,26.6051,1104772547693
37.1945,26.8857,1104872664671
40.7717,24.5268,1104972763404
40.1841,24.8855,1105072859563
39.2599,25.4713,1105172966953
31.9466,31.3022,1105273067681
38.1482,26.2136,1105373169791
40.9089,24.4446,1105473268825
38.3065,26.1052,1105573371897
37.8572,26.415,1105673466984
37.5247,26.6491,1105773560097
32.2159,31.0405,1105873672486
35.2934,28.3339,1105973778243
34.3615,29.1024,1106073885042
35.8867,27.8655,1106173995358
36.8744,27.1191,1106274258871
35.5078,28.1628,1106374371651
34.7593,28.7693,1106474479682
36.7102,27.2404,1106574590638
39.0918,25.5808,1106674698439
40.3987,24.7533,1106775152359
34.7203,28.8016,1106875266452
39.3214,25.4314,1106975369273
37.2004,26.8815,1107075470041
38.3075,26.1046,1107175575187
40.1943,24.8791,1107275674762
37.3325,26.7863,1107376166703
36.028,27.7562,1107476281798
31.8216,31.4252,1107576485508
38.4396,26.0148,1107676600162
37.3037,26.807,1107776720256
37.9876,26.3244,1107876835250
37.9045,26.3821,1107976946016
32.9478,30.3511,1108077071029
34.9613,28.6031,1108177180894
39.1969,25.5122,1108277295668
38.2174,26.1661,1108377405222
34.9475,28.6143,1108477509807
32.7538,30.5308,1108577615704
33.7227,29.6536,1108677929601
32.6373,30.6398,1108778029136
33.6337,29.7321,1108878147256
36.891,27.1069,1108978287508
35.6902,28.0189,1109078480749
40.2255,24.8599,1109178601304
38.5601,25.9336,1109278725605
36.9173,27.0876,1109378854526
37.9525,26.3487,1109478954071
39.2346,25.4877,1109579071239
38.0594,26.2747,1109679216841
40.2358,24.8535,1109779360900
37.7446,26.4938,1109879492515
37.5909,26.6022,1109979594615
41.5977,24.0398,1110079729727
35.3868,28.2591,1110179827149
36.4947,27.4012,1110279944167
41.4367,24.1332,1110380005490
36.1505,27.6621,1110480148046
32.4655,30.8019,1110580260225
35.7347,27.984,1110680384096
37.3346,26.7848,1110780489422
35.469,28.1936,1110880593075
38.8286,25.7542,1110980697109
34.8743,28.6744,1111080828945
38.9067,25.7025,1111182466094
38.9271,25.6891,1111282576890
37.6004,26.5954,1111382693658
38.0574,26.2761,1111482894664
33.0833,30.2267,1111583054502
33.6491,29.7184,1111683169456
37.8752,26.4025,1111783277347
38.455,26.0044,1111883377353
39.8289,25.1074,1111983495012
35.248,28.3704,1112083597353
35.863,27.8839,1112183698201
35.1818,28.4238,1112283915086
36.5612,27.3514,1112384017978
41.9919,23.8141,1112484246104
29.9843,33.3508,1112586146417
35.0037,28.5684,1112686245371
37.8118,26.4468,1112786340027
33.829,29.5604,1112886435164
35.6051,28.0859,1112986530071
31.3268,31.9215,1113086631410
36.1024,27.699,1113186745021
35.7925,27.9388,1113286843855
35.617,28.0765,1113386940936
38.5688,25.9277,1113487046262
34.1686,29.2666,1113587108567
37.6176,26.5833,1113687208413
39.9473,25.033,1113787308510
35.1833,28.4226,1113887404167
36.8883,27.1088,1113987504995
32.9931,30.3093,1114087606594
36.5121,27.3882,1114187706230
34.057,29.3625,1114287805965
38.6464,25.8756,1114387910620
32.0703,31.1815,1114488009745
31.6628,31.5828,1114588121142
39.7364,25.1658,1114688212723
38.96,25.6673,1114788309432
40.4108,24.7459,1114888402195
39.5186,25.3046,1114988506870
35.1006,28.4895,1115088610433
37.9856,26.3258,1115188721189
34.5424,28.9499,1115288819792
37.0817,26.9675,1115388936680
36.1302,27.6777,1115489039502
37.1642,26.9076,1115589119811
39.6592,25.2149,1115689226570
41.5853,24.047,1115789330243
34.9325,28.6266,1115889424278
41.0766,24.3448,1115989523412
32.6874,30.5928,1116089747822
38.2757,26.1262,1116189997869
36.6203,27.3073,1116290603794
36.3483,27.5116,1116390703931
33.931,29.4715,1116490799218
32.5938,30.6807,1116590894115
34.9339,28.6255,1116690995573
38.0313,26.2942,1116791098625
35.9822,27.7915,1116891208881
35.8387,27.9028,1116991356696
36.5621,27.3507,1117091640087
37.9074,26.3801,1117191742177
37.8591,26.4137,1117291854406
36.6142,27.3118,1117391963148
38.7471,25.8084,1117492096096
32.7398,30.5439,1117592252899
35.8975,27.8571,1117692444988
37.1338,26.9297,1117792547128
40.1135,24.9293,1117892653436
35.1926,28.4151,1117992769612
36.9354,27.0743,1118092881270
38.4546,26.0047,1118192992567
38.5312,25.953,1118293099436
38.1503,26.2121,1118393228808
32.5481,30.7237,1118493342329
34.0199,29.3945,1118593452354
37.4607,26.6946,1118693557590
40.3905,24.7583,1118793669118
35.5846,28.1021,1118893776909
36.6904,27.2551,1118993886422
35.4989,28.1699,1119093978624
35.8496,27.8943,1119194093678
38.3915,26.0474,1119294213462
36.8044,27.1707,1119394331932
36.7885,27.1824,1119494441587
32.4687,30.7989,1119594571970
37.4166,26.7261,1119694678728
38.6583,25.8677,1119794823879
37.7388,26.4979,1119894934235
39.228,25.492,1119995078474
36.8652,27.1258,1120095226921
22.7038,44.0455,1120196303499
32.0811,31.171,1120296441697
27.3972,36.5,1120396548345
33.0616,30.2466,1120496662889
32.6249,30.6515,1120596792450
32.8168,30.4722,1120696897656
36.0072,27.7722,1120797252881
37.4831,26.6787,1120897366142
34.3343,29.1254,1120997476327
32.0268,31.2238,1121097612251
34.2249,29.2185,1121197740169
36.0097,27.7703,1121297839614
37.6394,26.5679,1121397955791
35.5185,28.1543,1121498069362
37.2456,26.8488,1121598194696
24.8643,40.2183,1121698300834
41.1836,24.2815,1121798407813
37.7628,26.4811,1121898516936
37.11,26.9469,1121998618936
38.1248,26.2297,1122098728680
34.282,29.1698,1122198846400
36.6763,27.2656,1122298982183
36.3846,27.4842,1122399093641
35.5826,28.1036,1122499221088
34.4399,29.0361,1122599365748
35.7013,28.0102,1122699475252
42.4442,23.5603,1122799588783
37.7233,26.5088,1122899690673
39.289,25.4524,1122999795578
39.1968,25.5123,1123099897248
36.1926,27.63,1123199962479
37.1547,26.9145,1123300062405
40.1392,24.9133,1123400134839
33.6945,29.6784,1123500248310
33.3232,30.0091,1123600340322
35.7975,27.9349,1123700434918
40.1674,24.8958,1123801398393
41.4568,24.1215,1123901512736
45.336,22.0575,1124001629534
40.1436,24.9106,1124101733447
33.2163,30.1057,1124202936182
39.1878,25.5182,1124303041949
39.6338,25.231,1124403137998
34.2118,29.2297,1124503241170
38.0978,26.2482,1124603333311
37.3622,26.765,1124703457984
41.2923,24.2176,1124803556327
36.8599,27.1298,1124903655792
35.8259,27.9128,1125003750728
34.358,29.1053,1125103848841
38.4772,25.9894,1125203944499
40.6732,24.5862,1125304330381
35.5352,28.1411,1125404434726
26.8478,37.247,1125504540112
41.5935,24.0422,1125604643965
34.5048,28.9815,1125704741827
41.0023,24.3889,1125804836343
38.7229,25.8245,1125904928044
35.1009,28.4893,1126005029292
33.8219,29.5666,1126105140149
40.0696,24.9566,1126205243080
36.9596,27.0565,1126305337065
36.0864,27.7113,1126405572114
37.1421,26.9236,1126505671149
39.3526,25.4113,1126605786263
39.1302,25.5557,1126705889315
37.1841,26.8932,1126805985714
40.0673,24.958,1126906084609
35.9584,27.8099,1127006194824
38.1121,26.2384,1127106297505
39.1187,25.5632,1127206403152
37.5154,26.6557,1127306502026
36.3273,27.5275,1127406603505
36.7108,27.2399,1127506712177
39.7432,25.1615,1127606817192
41.4594,24.12,1127706990416
41.5106,24.0902,1127807102825
38.8691,25.7273,1127907230884
40.1308,24.9185,1128007333675
37.3022,26.8081,1128107764482
35.2327,28.3827,1128207867474
43.9618,22.747,1128307970095
35.48,28.1849,1128408140313
36.6134,27.3124,1128508294160
39.7847,25.1353,1128608804556
30.609,32.6701,1128708924660
35.5063,28.164,1128809033112
35.8061,27.9282,1128909166971
37.6271,26.5766,1129009307854
39.9121,25.0551,1129109545548
32.3246,30.9362,1129209660112
38.654,25.8705,1129309780296
36.2764,27.5661,1129409878949
34.1113,29.3158,1129509984296
40.5961,24.6329,1129610109068
55.35,18.0669,1129710379514
64.6389,15.4706,1129810505629
62.3363,16.042,1129910668193
52.264,19.1336,1130011157459
58.5306,17.0851,1130111282262
53.4302,18.716,1130211396675
46.5083,21.5015,1130311556333
61.8794,16.1605,1130411711512
60.6588,16.4857,1130511837317
55.5478,18.0025,1130611975234
47.294,21.1443,1130712162774
57.7816,17.3065,1130812271858
57.0151,17.5392,1130912389427
56.3132,17.7578,1131012503980
57.4244,17.4142,1131112726887
58.9756,16.9562,1131212848904
58.0489,17.2269,1131312954811
41.2735,24.2286,1131413068383
59.9198,16.689,1131513167598
59.9499,16.6806,1131613293182
52.6852,18.9806,1131713390112
59.5479,16.7932,1131813522739
60.0452,16.6541,1131913631171
